Month,EMI,Principal Paid,Interest Paid,Remaining Balance
1,1321.5073688176194,488.17403548428604,833.3333333333334,99511.82596451571
2,1321.5073688176194,492.24215244665515,829.2652163709643,99019.58381206906
3,1321.5073688176194,496.34417038371055,825.1631984339089,98523.23964168534
4,1321.5073688176194,500.48037180357494,821.0269970140445,98022.75926988178
5,1321.5073688176194,504.65104156860457,816.8563272490148,97518.10822831317
6,1321.5073688176194,508.8564669150097,812.6509019026097,97009.25176139816
7,1321.5073688176194,513.0969374726347,808.4104313449847,96496.15482392552
8,1321.5073688176194,517.3727452849067,804.1346235327127,95978.78207864061
9,1321.5073688176194,521.6841848289477,799.8231839886718,95457.09789381166
10,1321.5073688176194,526.0315530358556,795.4758157817638,94931.06634077581
11,1321.5073688176194,530.4151493111543,791.0922195064651,94400.65119146465
12,1321.5073688176194,534.835275555414,786.6720932622054,93865.81591590925
13,1321.5073688176194,539.2922361850424,782.215132632577,93326.52367972421
14,1321.5073688176194,543.786338153251,777.7210306643684,92782.73734157096
15,1321.5073688176194,548.3178909711947,773.1894778464247,92234.41945059976
16,1321.5073688176194,552.8872067292881,768.6201620883313,91681.53224387048
17,1321.5073688176194,557.4946001186988,764.0127686989206,91124.03764375177
18,1321.5073688176194,562.1403884530214,759.366980364598,90561.89725529875
19,1321.5073688176194,566.8248916901298,754.6824771274896,89995.07236360862
20,1321.5073688176194,571.5484324542142,749.9589363634052,89423.5239311544
21,1321.5073688176194,576.3113360579994,745.19603275962,88847.2125950964
22,1321.5073688176194,581.1139305251495,740.3934382924699,88266.09866457124
23,1321.5073688176194,585.956546612859,735.5508222047604,87680.14211795838
24,1321.5073688176194,590.8395178346328,730.6678509829866,87089.30260012374
25,1321.5073688176194,595.7631804832549,725.7441883343645,86493.5394196405
26,1321.5073688176194,600.7278736539486,720.7794951636708,85892.81154598655
27,1321.5073688176194,605.7339392677314,715.773429549888,85287.07760671881
28,1321.5073688176194,610.7817220949627,710.7256467226567,84676.29588462385
29,1321.5073688176194,615.8715697790874,705.635799038532,84060.42431484476
30,1321.5073688176194,621.0038328605798,700.5035359570396,83439.42048198418
31,1321.5073688176194,626.1788648010845,695.3285040165349,82813.2416171831
32,1321.5073688176194,631.3970220077603,690.1103468098592,82181.84459517534
33,1321.5073688176194,636.6586638578249,684.8487049597945,81545.18593131751
34,1321.5073688176194,641.9641527233068,679.5432160943126,80903.2217785942
35,1321.5073688176194,647.3138539960011,674.1935148216184,80255.9079245982
36,1321.5073688176194,652.7081361126344,668.799232704985,79603.19978848557
37,1321.5073688176194,658.1473705802397,663.3599982373797,78945.05241790533
38,1321.5073688176194,663.6319320017417,657.8754368158777,78281.4204859036
39,1321.5073688176194,669.1621981017561,652.3451707158633,77612.25828780184
40,1321.5073688176194,674.7385497526041,646.7688190650154,76937.51973804925
41,1321.5073688176194,680.3613710005424,641.145997817077,76257.1583670487
42,1321.5073688176194,686.0310490922136,635.4763197254058,75571.12731795649
43,1321.5073688176194,691.7479745013153,629.7593943163041,74879.37934345518
44,1321.5073688176194,697.5125409554929,623.9948278621265,74181.86680249969
45,1321.5073688176194,703.3251454634553,618.1822233541641,73478.54165703623
46,1321.5073688176194,709.1861883423176,612.3211804753018,72769.35546869392
47,1321.5073688176194,715.0960732451701,606.4112955724493,72054.25939544875
48,1321.5073688176194,721.0552071888798,600.4521616287396,71333.20418825987
49,1321.5073688176194,727.0640005821205,594.443368235499,70606.14018767775
50,1321.5073688176194,733.1228672536381,588.3845015639813,69873.01732042411
51,1321.5073688176194,739.2322244807518,582.2751443368676,69133.78509594336
52,1321.5073688176194,745.3924930180915,576.1148757995279,68388.39260292526
53,1321.5073688176194,751.6040971265755,569.9032716910439,67636.78850579869
54,1321.5073688176194,757.8674646026303,563.6399042149891,66878.92104119605
55,1321.5073688176194,764.1830268076524,557.324342009967,66114.7380143884
56,1321.5073688176194,770.5512186977162,550.9561501199032,65344.18679569068
57,1321.5073688176194,776.9724788535304,544.534889964089,64567.21431683715
58,1321.5073688176194,783.4472495106431,538.0601193069763,63783.7670673265
59,1321.5073688176194,789.9759765898986,531.5313922277209,62993.7910907366
60,1321.5073688176194,796.5591097281477,524.9482590894717,62197.23198100845
61,1321.5073688176194,803.1971023092157,518.3102665084037,61394.03487869923
62,1321.5073688176194,809.8904114951258,511.6169573224936,60584.1444672041
63,1321.5073688176194,816.6394982575853,504.8678705600342,59767.504968946516
64,1321.5073688176194,823.4448274097317,498.06254140788764,58944.060141536786
65,1321.5073688176194,830.3068676381463,491.2005011794732,58113.75327389864
66,1321.5073688176194,837.2260915351308,484.28127728248865,57276.52718236351
67,1321.5073688176194,844.2029756312568,477.3043931863626,56432.32420673226
68,1321.5073688176194,851.238000428184,470.26936838943544,55581.08620630407
69,1321.5073688176194,858.3316504317522,463.17571838586724,54722.754555872314
70,1321.5073688176194,865.4844141853501,456.02295463226926,53857.27014168696
71,1321.5073688176194,872.6967843035613,448.810584514058,52984.5733573834
72,1321.5073688176194,879.969257506091,441.5381113115283,52104.60409987731
73,1321.5073688176194,887.3023346519751,434.20503416564424,51217.30176522533
74,1321.5073688176194,894.696520774075,426.8108480435444,50322.60524445126
75,1321.5073688176194,902.152325113859,419.3550437037605,49420.452919337404
76,1321.5073688176194,909.6702611564745,411.837107661145,48510.78265818093
77,1321.5073688176194,917.2508466661117,404.25652215150774,47593.53181151482
78,1321.5073688176194,924.8946037216626,396.61276509595683,46668.63720779316
79,1321.5073688176194,932.6020587526764,388.90531006494297,45736.03514904049
80,1321.5073688176194,940.3737425756153,381.133626242004,44795.661406464875
81,1321.5073688176194,948.2101904304121,373.2971783872073,43847.45121603446
82,1321.5073688176194,956.1119420173322,365.39542680028717,42891.339274017126
83,1321.5073688176194,964.0795415341433,357.42782728347606,41927.259732482984
84,1321.5073688176194,972.1135377135945,349.39383110402485,40955.14619476939
85,1321.5073688176194,980.2144838612078,341.29288495641157,39974.93171090818
86,1321.5073688176194,988.3829378933846,333.12443092423484,38986.548773014794
87,1321.5073688176194,996.6194623758295,324.88790644178994,37989.92931063897
88,1321.5073688176194,1004.9246245622946,316.5827442553247,36985.004686076674
89,1321.5073688176194,1013.2989964336471,308.2083723839723,35971.70568964303
90,1321.5073688176194,1021.7431547372609,299.76421408035856,34949.96253490577
91,1321.5073688176194,1030.257681026738,291.2496877908814,33919.70485387903
92,1321.5073688176194,1038.8431617019608,282.6642071156586,32880.86169217707
93,1321.5073688176194,1047.5001880494772,274.0071807681423,31833.361504127595
94,1321.5073688176194,1056.2293562832228,265.2780125343966,30777.13214784437
95,1321.5073688176194,1065.031267585583,256.4761012320364,29712.10088025879
96,1321.5073688176194,1073.906528148796,247.60084066882325,28638.194352109993
97,1321.5073688176194,1082.8557492167029,238.6516196009166,27555.33860289329
98,1321.5073688176194,1091.879547126842,229.6278216907774,26463.45905576645
99,1321.5073688176194,1100.9785433528991,220.5288254647204,25362.48051241355
100,1321.5073688176194,1110.1533645475065,211.3540042701129,24252.327147866043
101,1321.5073688176194,1119.4046425854024,202.102726232217,23132.92250528064
102,1321.5073688176194,1128.7330146069473,192.774354210672,22004.189490673692
103,1321.5073688176194,1138.1391230620052,183.3682457556141,20866.050367611686
104,1321.5073688176194,1147.6236157541887,173.8837530634307,19718.426751857496
105,1321.5073688176194,1157.1871458854737,164.3202229321458,18561.239605972023
106,1321.5073688176194,1166.830372101186,154.67699671643354,17394.409233870836
107,1321.5073688176194,1176.5539585353624,144.95341028225695,16217.855275335474
108,1321.5073688176194,1186.3585748564906,135.14879396112894,15031.496700478983
109,1321.5073688176194,1196.2448963136278,125.26247250399153,13835.251804165355
110,1321.5073688176194,1206.2136037829082,115.29376503471129,12629.038200382447
111,1321.5073688176194,1216.2653838144324,105.24198500318705,11412.772816568015
112,1321.5073688176194,1226.4009286795526,95.10644013806679,10186.371887888461
113,1321.5073688176194,1236.6209364185488,84.88643239907051,8949.750951469912
114,1321.5073688176194,1246.9261108887035,74.58125792891593,7702.824840581208
115,1321.5073688176194,1257.317161812776,64.1902070048434,6445.507678768432
116,1321.5073688176194,1267.7948048278824,53.712563989736935,5177.71287394055
117,1321.5073688176194,1278.3597615347815,43.14760728283792,3899.353112405768
118,1321.5073688176194,1289.0127595475712,32.494609270048066,2610.3403528581966
119,1321.5073688176194,1299.7545325438011,21.752836273818303,1310.5858203143955
120,1321.5073688176194,1310.5858203149994,10.921548502619963,0.0
